Tristian,Sipes,werner_renner@donnelly.org,(885) 091-1144 x77236,2017-02-09 20:52:06 -0600
Imelda,Sauer,dillan@heathcote.io,661-369-4683 x815,2017-02-09 20:52:06 -0600
Alex,Mraz,hester@harbersimonis.io,(963) 526-7794 x49343,2017-02-09 20:52:06 -0600
Loyal,Hartmann,sylvia_schuppe@marvin.net,(776) 008-9555,2017-02-09 20:52:06 -0600
Noah,Williamson,zetta_pagac@braunhodkiewicz.co,(501) 028-8700 x18309,2017-02-09 20:52:06 -0600
Martin,Monahan,jeremy@schillergoodwin.info,697.580.4994,2017-02-09 20:52:06 -0600
Roman,Wisoky,rex.dubuque@smitham.com,611.075.7347,2017-02-09 20:52:06 -0600
Raphael,Willms,shaniya.armstrong@marquardt.co,1-285-112-3569 x67232,2017-02-09 20:52:06 -0600
Sofia,Torphy,triston@sawayn.com,701-517-0678 x65658,2017-02-09 20:52:06 -0600
Dominique,Turcotte,mervin@bayer.org,(249) 029-1163,2017-02-09 20:52:06 -0600
Shaylee,Ward,amya@lefflercasper.org,145.255.3516 x98870,2017-02-09 20:52:06 -0600
Arlene,Bogan,ron@bode.co,(933) 399-9090,2017-02-09 20:52:06 -0600
Dovie,Moore,ewell@homenick.org,1-237-595-1913,2017-02-09 20:52:06 -0600
Emmitt,Hoppe,georgette@murray.net,(261) 100-6546 x655,2017-02-09 20:52:06 -0600
Jordyn,Crooks,dedrick.miller@mohrbayer.org,395.554.7419 x79234,2017-02-09 20:52:06 -0600
Rick,Koch,raul.cartwright@stamm.biz,594-526-3307,2017-02-09 20:52:06 -0600
Krista,Greenholt,ahmad.funk@boyer.co,774.841.4485 x86248,2017-02-09 20:52:06 -0600
Lucas,Mills,lia@tremblay.org,232.677.5280,2017-02-09 20:52:06 -0600
Carmen,Herman,jarrell.altenwerth@hauck.name,260.921.0324 x9474,2017-02-09 20:52:06 -0600
Dina,Waters,ebony_hilll@kuvalis.co,881.731.6299,2017-02-09 20:52:06 -0600
